price,status,items_sold,shipping,name,free_returns
,,,,,False
91800,Brand New,177,0,Microsoft XBOX Series  X 1TB Game Console Black - Fast Free Shipping - Brand New,True
107900,Brand New,115,,Microsoft Xbox Series X 1TB Console *NEW* SEALED* FREE SHIP EXPRESS OVERNIGHT!,True
54000,Pre-Owned,,4910,New ListingMicrosoft Xbox Series X 1TB Video Game Console - Black,False
91900,Brand New,774,0,Microsoft Xbox Series X 1TB Video Game Console - Black - New!!!! Ready to Ship,True
85999,Open Box,,0,New ListingMicrosoft Xbox Series X 1TB Video Game Console - Black - JAT0004,True
80000,Brand New,,1000,Microsoft Xbox Series X 1TB Video Game Console - Black,False
67000,Brand New,,5675,New ListingMicrosoft Xbox Series X 1TB Console Black,False
88888,Brand New,24,0,Microsoft Xbox Series X 1 TB Console ‚úÖBRAND NEW IN HAND SHIPS FAST,False
70000,Brand New,,5000,New ListingXbox Series X Console. BRAND NEW. ,False
79500,Brand New,,4500,New ListingMicrosoft Xbox Series X 1TB Video Game Console - Black,False
91999,Brand New,158,0,Microsoft Xbox Series X 1TB Game Console Black - In Hand Ready To Ship - New,False
70100,Pre-Owned,,2240,xbox series x console,False
84999,Brand New,,3407,Microsoft Xbox Series X 1TB Video Game Console - Black,False
87999,Brand New,,0,New ListingMicrosoft Xbox Series X 1TB Video Game Console Black New In Box ,False
67299,Brand New,,5000,New ListingNew! Sealed! Microsoft Xbox Series X 1TB Video Game Console,False
83900,Brand New,,2199,Microsoft Xbox Series X 1TB Video Game Console - Black BRAND NEW,False
85000,Pre-Owned,,0,New ListingMicrosoft Xbox Series X 1TB Console Complete With 6 Games.,False
82250,Brand New,,6420,New ListingXBOX Series X 1TB Microsoft Console Black BRAND NEW üî•IN HAND FAST SHIPPINGüî•,False
71000,Brand New,,550,New Listingxbox series x,False
86000,Pre-Owned,,,xbox series x bundle,False
39999,Brand New,,0,BRAND NEW SEALED Microsoft Xbox Series X and S FREE 2 day Shipping,False
79000,Brand New,,6415,New ListingMicrosoft Xbox Series X 1TB Video Game Console - Black Brand New On Hand,False
89999,Brand New,,0,New ListingNew Sealed Microsoft Xbox Series X on Hand Ship Fast,False
87500,Open Box,,0,Microsoft Xbox Series X 1TB Video Game Console - Black,False
68000,Pre-Owned,,2000,Microsoft Xbox Series X 1TB Video Game Console - Black,False
89999,Brand New,,0,Xbox Series X 1TB Console Microsoft NEW IN HAND SHIPS IMMEDIATELY FREE SHIPPING,False
77500,Open Box,,2500,New ListingMicrosoft Xbox Series X 1TB Video Game Console - Black,False
59500,Pre-Owned,,1900,New ListingMicrosoft Xbox Series X RUNS PERFECT!! 1TB Video Game Console - Black,False
79000,Brand New,,1800,New ListingMicrosoft XBOX Series  X 1TB Game Console Black - - Brand New,False
90299,Brand New,30,0,Microsoft Xbox Series X Console 1TB Black In Hand Brand New In Box Fast Shipping,False
90900,Brand New,,0,Microsoft Xbox Series X 1TB Console with Extra Wireless Controller Electric Volt,True
95000,Brand New,,,New ListingXbox Series X 1TB Console Halo Infinite Limited Edition Bundle (READ DESCR.),False
84500,Pre-Owned,,0,New ListingMicrosoft Xbox Series X 1TB Video Game Console - Black,False
125000,Brand New,,1803,New ListingXbox Series X Halo Infinite limited edition *Pre Order* console ,False
88000,Pre-Owned,,3000,Microsoft Xbox Series X 1TB Video Game Console - Black,False
76000,Brand New,,0,Microsoft Xbox Series X 1TB Video Game Console - Black,False
95000,Pre-Owned,,550,Microsoft Xbox Series X (ONLY USED ONCE) (MINT CONDITION),False
89995,Brand New,,1995,New ListingBRAND NEW Xbox Series X 1TB Video Game Console (PRO SELLER) - SHIPS SAME DAY,False
107900,Brand New,,0,Microsoft XBOX SERIES X 1TB Video Game Console IN HAND BRAND NEW FREE SHIPPING,False
99997,Brand New,,5065,Microsoft Xbox Series X 1TB Video Game Console - Black - New!!!! Ready to Ship,False
62500,Pre-Owned,,6599,"New ListingMICROSOFT XBOX SERIES X 1TB VIDEO GAME CONSOLE, BLACK, EXCELLENT CONDITION!",False
94999,Brand New,,0,New ListingMicrosoft Xbox Series X 1TB Game Console EXTRA CONTROLLER !!FREE SHIPPING!!,False
109999,Brand New,,0,Microsoft Xbox Series X 1TB Video Game Console - FREE 2 DAY SHIPPING! üööüí® ,False
85000,Brand New,,,Microsoft Xbox Series X 1TB Video Game Console - Black *READ DESCRIPTION*,False
79999,Pre-Owned,,0,Microsoft Xbox Series X 1TB Video Game Console - Black. Controller included. ¬†¬†,False
80000,Brand New,,0,New ListingMicrosoft Xbox Series X Halo Infinite Edition 1TB Black Console PRE-ORDER,False
88999,Brand New,,0,Microsoft Xbox Series X Console- FREE SHIPPING,False
75000,Brand New,,1495,Microsoft Xbox Series X 1TB Video Game Console - Black,False
90000,Pre-Owned,,3597,Microsoft Xbox Series X 1TB Video Game Console - Black,False
82050,Brand New,,,Microsoft Xbox Series X 1TB Video Game Console - Black *PICKUP ONLY*,False
82888,Brand New,,4500,Microsoft Xbox Series X 1TB Video Game Console - Black,False
77000,Pre-Owned,,1290,Xbox Series X console Microsoft excellent condition!,False
61000,Refurbished,,1999,New ListingMicrosoft Xbox Series X 1TB Video Game Console - Black,False
75000,Pre-Owned,,5000,Microsoft Xbox Series X 1TB Video Game Console - Black,False
52000,Pre-Owned,,500,New ListingMicrosoft Xbox Series X 1TB Video Game Console - Black,False
69000,Pre-Owned,,0,Xbox Series X 1TB Console Black - Pre-owned (read description),False
94900,Brand New,,0,Microsoft Xbox Series X 1TB Video Game Console Brand New Sealed FREE SHIPPING,False
88888,Brand New,,0,Microsoft Xbox Series X 1 TB Console | NEW - IN HAND - SHIPS TODAY FREE VIA UPS!,False
,,,,,False
76500,Brand New,,2999,Xbox Series X,False
86000,Pre-Owned,,4296,Microsoft Xbox Series X 1TB Video Game Console / Apex XIM / Elite 2 Controller,False
74000,Brand New,,0,Microsoft Xbox Series X 1TB Video Game Console - Black,False
60000,Open Box,,2500,Microsoft Xbox Series X 1TB Video Game Console - Black,False
66100,Pre-Owned,,4000,Microsoft Xbox Series X 1TB Video Game Console - Black,False
67500,Pre-Owned,,2500,Microsoft Xbox Series X,False
77000,Brand New,,4000,Microsoft Xbox Series X 1TB Video Game Console - Black,False
62000,Pre-Owned,,1700,Microsoft Xbox Series X 1TB Video Game Console - Black,False
62000,Pre-Owned,,4060,Microsoft Xbox Series X 1TB Video Game Console - Black,False
80650,Pre-Owned,,2000,Microsoft XBOX SERIES X - USED,False
49500,Pre-Owned,,,New ListingMicrosoft Xbox Series X 1TB Video Game Console - Black (incl. Sea of Thieves) ,False
60000,Brand New,,2647,New ListingSHIPS SAME DAY - Unopened Microsoft Xbox Series X 1TB Video Game Console - Black,False
81000,Brand New,,5000,Microsoft Xbox Series X 1TB Video Game Console - Black,False
79900,Brand New,,0,Microsoft Xbox Series X 1TB Video Game Console - Black,False
72000,Pre-Owned,,1595,XBOX series X console Bundle,False
71000,Brand New,,2975,Xbox Series X 1TB Video Game Console - Black. Ready to ship,False
84900,Refurbished,151,0,Microsoft Xbox Series X 1TB Console - Black,True
83500,Brand New,,3520,Xbox series X console Brand new,False
68000,Pre-Owned,,3465,Microsoft Xbox Series X 1TB Video Game Console - Black,False
66000,Open Box,,5000,Microsoft Xbox Series X 1TB Video Game Console - Black,False
71000,Open Box,,2000,Microsoft Xbox Series X 1TB Video Game Console - Black,False
67000,Pre-Owned,,3954,Microsoft Xbox Series X 1TB Video Game Console - Black,False
69000,Brand New,,0,New ListingMicrosoft Xbox Series X 1TB Video Game Console - Black,False
56000,Pre-Owned,,750,Microsoft Xbox Series X 1TB Video Game Console - Black,False
76000,Brand New,,0,Microsoft Xbox Series X 1TB Video Game Console - Black,False
73000,Brand New,,5000,Microsoft Xbox Series X 1TB Video Game Console - Black | SEALED BOX,False
61000,Open Box,,3642,Microsoft Xbox Series X 1TB Video Game Console - Black,False
65100,Pre-Owned,,1895,Microsoft Xbox Series X 1TB Video Game Console - Black,False
79000,Brand New,,0,BRAND NEW SEALED Microsoft Xbox Series X 1TB - Black,False
72000,Brand New,,2000,Microsoft Xbox Series X 1TB Video Game Console - Black,False
67000,Brand New,,1000,Microsoft Xbox Series X 1TB Video Game Console - Black,False
79100,Brand New,,5867,Microsoft Xbox Series X Video Game Console FAR CRY 6 Bundle - NEW‚úÖ- SHIPS FASTüî•,True
71500,Brand New,,3000,Microsoft XBOX Series X 1TB Game Console Black * Brand New *,False
72000,Brand New,,,New - Microsoft Xbox Series X 1TB Video Game Console - Black - Unopened,False
71000,Brand New,,7000,Microsoft Xbox Series X 1TB Video Game Console - Black,False
72000,Brand New,,3695,Microsoft Xbox Series X 1TB Video Game Console - Black,False
67000,Pre-Owned,,1270,1TB Xbox Series X Console (Had since July 2021) hardly used - MFD: May 2021,False
69000,Open Box,,5590,Microsoft Xbox Series X 1TB Video Game Console - Black,False
100500,Open Box,,1500,Microsoft Xbox Series X 1TB Video Game Console - Black,False
68500,Pre-Owned,,1500,Microsoft Xbox Series X 1TB Video Game Console - Black - Ships within 24 Hours,False
81000,Brand New,,7465,Unopened Microsoft Xbox Series X 1TB Video Game Console - Black,False
72000,Pre-Owned,,1699,"New ListingXBOX Series X console Bundle- 8 Games, Series X Controller, Excellent Condition!",False
77200,Pre-Owned,,6750,"Microsoft Xbox Series X 1TB Console - Black - Excellent Condition, Complete",False
73000,Brand New,,1185,xbox series x console brand new,False
85000,Open Box,,3140,New ListingMicrosoft Xbox Series X 1TB Video Game Console - Black,False
102000,Brand New,,0,Xbox Series X Halo Infinite Limited Edition Bundleüî•*PRE ORDER* PRESALE CONSOLE,False
105900,Brand New,,0,Microsoft Xbox Series X Bundle with Extra Controller *NEW* FREE SHIP EXPRESS!,True
75000,Brand New,,4910,Microsoft Xbox Series X 1TB Video Game Console - Black - Sealed New,False
74100,Brand New,,7110,Xbox Series X Console - Factory Sealed - Brand New - Fast Shipping,False
65600,Pre-Owned,,1500,Microsoft Xbox Series X 1TB Video Game Console - Black,False
39799,Brand New,156,,üî•!BRAND NEW Microsoft Xbox Series S and X Gaming Consoles - Pick Your Model!üî•,True
105000,Brand New,,3000,New ListingXbox Series X Halo Infinite Limited Edition Bundle *CONFIRMED PRE SALE ORDER*,False
,,,,,False
71000,Pre-Owned,,6395,Microsoft Xbox Series X 1TB Video Game Console - Black,False
58600,Pre-Owned,,4110,"Microsoft Xbox Series X 1TB Video Game Console - Black, all original packaging",False
32500,Pre-Owned,,1728,Microsoft Xbox Series X 1TB Video Game Console - Black¬† FOR PARTS! (BROKEN!)¬†,False
72000,Pre-Owned,,0,Microsoft Xbox Series X 1TB Video Game Console - Black,False
67000,Open Box,,0,Microsoft Xbox Series X 1TB Video Game Console - Black - Opened Box,False
83000,Pre-Owned,,3500,"New ListingMicrosoft Xbox Series X 1TB Video Game Console - Black, sparely used",False
77000,Pre-Owned,,0,Microsoft Xbox Series X 1TB Video Game Console - Black,False
80000,Brand New,,0,New ListingMicrosoft Xbox Series X 1TB Halo Infinite Limited Edition Console PREORDER,False
62500,Pre-Owned,,0,Microsoft Xbox Series X 1TB - Black - Lightly Used - FREE SHIPPING,False
84000,Brand New,,4330,New ListingXbox Series X Halo Infinite Console Bundle üî•CONFIRMED PRESALEüî• **SEALED** ‚úÖ,False
66000,Pre-Owned,,2000,Xbox Series X / Xbox Series X kit,False
84000,Brand New,,2500,Microsoft Xbox Series X - 1TB Video Game Console-Black Sealed Ships Fast üöö,False
73789,Brand New,,0,New ListingMicrosoft XBOX Series X 1TB Game Console Black - Fast Free Shipping- Brand New,True
48500,Pre-Owned,,2000,New ListingMicrosoft Xbox Series X 1TB Video Game Console - Barely Used System,False
92000,Brand New,,5000,New Listing~*~ Xbox Series X 1TB Console Halo Infinite Limited Edition Bundle RARE Pre-Sale,False
85000,Brand New,,0,Microsoft Xbox Series X 1TB Video Game Console - Black,False
67500,Pre-Owned,,12215,Microsoft Xbox Series X 1TB Video Game Console - Black,False
63000,Pre-Owned,,5800,Xbox Series X (console & power cable only) Ships in Original Box,False
85000,Brand New,,1704,NEW UNOPENED Microsoft Xbox Series X 1TB Video Game Console - READY TO SHIP,False
89995,Brand New,,0,Microsoft Xbox Series X 1TB Video Game Console - Black,False
86999,Brand New,,2499,Microsoft XBOX Series  X 1TB Game Console Black - Fast Shipping - Brand New,False
81000,Brand New,,1529,üî•Xbox Series X ‚Äì Halo Infinite Limited Edition Presale Order Confirmationüî•,True
70000,Pre-Owned,,4750,Microsoft Xbox Series X 1TB Video Game Console - Black,False
57500,Pre-Owned,,2500,Barely Used Microsoft Xbox Series X Console w/ BONUS Elite Controller + Hyper X,False
65000,Open Box,,0,XBOX Series X 1TB SSD Console #M628,False
89999,Brand New,,0,Brand New Sealed Microsoft Xbox Series X Ship Fast,False
72289,Open Box,,0,New ListingMicrosoft Xbox Series X 1TB Video Game Console - Black - Ready to Ship,True
61000,Open Box,,3200,Xbox Series X 1TB Video Game Console - Black,False
78000,Brand New,,4240,Microsoft Xbox Series X 1TB Video Game Console - Black (NEW),False
65000,Open Box,,6590,Microsoft Xbox Series X 1TB Video Game Console - Black,False
110000,Brand New,,2185,New ListingXbox Series X Halo Infinite Limited Edition Bundle + Elite Controller *Pre-sale*,False
85000,Brand New,,,Microsoft Xbox Series X 1TB Video Game Console - Black *READ DESCRIPTION*,False
87999,Brand New,,0,Microsoft Xbox Series X Console - QUICK FREE SHIPPING,False
150000,Open Box,,2000,Microsoft Xbox Series X 1TB Video Game Console - Black,False
66000,Pre-Owned,,4000,Microsoft Xbox Series X 1TB Video Game Console - Black,False
75000,Open Box,,600,Microsoft Xbox Series X 1TB Video Game Console - Black ,False
78000,Pre-Owned,,2000,Microsoft Xbox Series X 1TB Video Game Console - Black,False
68000,Pre-Owned,,2499,Microsoft Xbox Series X 1TB Video Game Console with Controller Batteries Charger,False
90900,Brand New,,0,Microsoft Xbox Series X 1TB Console with Extra Wireless Controller - Shock Blue,True
90000,Brand New,,3500,Xbox Series X 1TB Bundle with PDP Ultra Slim Charger and RIG 400 Wired Headset,False
68600,Pre-Owned,,2500,Microsoft Xbox Series X 1TB Video Game Console - Black,False
92000,Brand New,,9074,Microsoft Xbox Series X Console Halo Infinite Bundle 11/15 Release Date üî•üî•üî•,False
78000,Brand New,,4500,üöÄMicrosoft Xbox Series X 1TB Video Game Console - Black - IN HAND*BRAND NEW *üéÆ,False
72099,Brand New,,0,Microsoft Xbox Series X 1TB Video Game Console - Black,False
77000,Open Box,,6714,Microsoft Xbox Series X 1TB Video Game Console - Black OPEN BOX EXTRA CONTROLLER,False
86100,Brand New,,3500,Xbox Series X Halo Limited Edition Bundle PRESALE CONFIRMED ORDER,False
76100,Parts Only,,3055,AS-IS Microsoft Xbox Series X 1TB Video Game Console - Black,False
57500,Pre-Owned,,0,Microsoft Xbox Series X 1TB Video Game Console - Black Plus Controller and HDMI¬†,False
69000,Pre-Owned,,3465,Xbox Series X console used excellent condition W/ Red Camo Controller US Seller!,False
71000,Brand New,,3999,Microsoft Xbox Series X 1TB- ü¶≠ NEW SEALED ü¶≠- IN HAND - Fast Ship üí® üí®,False
109999,Brand New,,1700,Microsoft XBOX Series X 1TB Game Console Black - FREE SHIPPING - BRAND NEW,False
92599,Brand New,,3135,Microsoft Xbox Series X 1TB Video Game Console Bundle üî•,False
,,,,,False
64600,Brand New,,0,Xbox Series X w/ ELITE CONTROLLER AND HEADSET,False
77500,Brand New,,5010,Microsoft Xbox Series X 1TB Video Game Console - Black,False
99999,Pre-Owned,,0,Microsoft Xbox Series X 1TB Video Game Console - Black Huge Bundle! Fast Ship!!,False
85000,Brand New,,4240,Microsoft Xbox Series X 1TB Video Game Console - Black,False
86000,Brand New,,1595,Xbox Series X Console Halo Infinite Limited Edition PRESALE! *TRUSTED SELLER*,False
87995,Brand New,,0,Microsoft XBOX Series X 1TB Game Console Black - In Hand Ready To Ship - New,True
87500,Brand New,,0,üî•Microsoft Xbox Series X 1TB Game Console FREE SAME DAY SHIPPING‚ùóÔ∏è ORDER NOW ‚ùóÔ∏è,False
66000,Pre-Owned,,0,Microsoft Xbox Series X 1TB Video Game Console with extras¬†,False
62000,Pre-Owned,,2265,Microsoft Xbox Series X 1TB Video Game Console - Black,False
85000,Brand New,,2120,Microsoft Xbox Series X 1TB Video Game Console BRAND NEW SEALED üî• SHIPS FAST üî•,False
100000,Brand New,,0,New ListingBrand New Xbox Series X Halo Infinite Limited Edition Bundle Pre-sale,False
74000,Brand New,,0,üî•Microsoft Xbox Series X üî•BRAND NEW/IN HAND üî• Extra Controller üî• Madden 22üî•,False
92500,Brand New,,0,xbox series x Fry Cry 6 bundle,False
75500,Brand New,,0,Microsoft Xbox Series X 1TB Video Game Console - Black,False
77000,Brand New,,3500,Microsoft Xbox Series X 1TB Video Game Console - Black,False
99999,Brand New,,0,New ListingXbox Series X Halo Infinite Limited Edition Bundle Confirmed Pre-Order,False
71000,Brand New,,3995,Next Generation Xbox Series X 1TB Video Game Console - Ready To Ship Immediately,False
77354,Brand New,,5310,Microsoft Xbox Series x 1TB Gaming Console | Black | New & OVP | Dealer ‚úÖ,False
94900,Brand New,,2000,New ListingMicrosoft Xbox Series X 1TB Video Game Console - With Extra Controller,False
84900,Brand New,,4461,Microsoft Xbox Series X 1TB Video Game Console - XSX - In Hand Ready 2 Ship *NEW,False
85000,Open Box,,3802,Microsoft Xbox Series X 1TB Video Game Console - Black,False
76500,Brand New,,6590,NEW Microsoft Xbox Series X 1TB Video Game Console - IN HAND SHIPS ASAP,False
81000,Brand New,,3284,üî•PRE-SALE! Xbox Series X Halo Infinite 20th Anniversary Limited Edition !!,False
80000,Brand New,,0,PRESALE Brand New Xbox Series X Halo Infinite Limited Edition Bundle Confirmed,False
99999,Brand New,,0,Xbox Series X Halo Infinite Limited Edition Bundleüî•*PRE ORDER* PRESALE CONSOLE,False
89900,Brand New,,0,Microsoft Xbox Series X 1TB Video Game Console ‚úÖ FAST SHIPPING!‚úà‚úà,False
99995,Brand New,,0,New ListingXbox Series X Halo Infinite Limited Edition Bundle Confirmed Pre-Sale FREE SHIP,False
80569,Brand New,,3000,Xbox Series X Halo Infinite Limited Edition VERIFIED PRESALE Brand New Walmart,False
82000,Pre-Owned,,4330,Xbox Series X console + Extra Controller (new) + Forza Horizon 4 - Ships Today-,False
84999,Brand New,,3500,Brand New Microsoft Xbox Series X,False
115000,Pre-Owned,,6015,Microsoft Xbox Series X 1TB Video Game Console - Black - Plus Two Games!!!,False
70000,Open Box,,10415,Microsoft Xbox Series X 1TB Video Game Console - Black,False
100000,Open Box,,5000,Microsoft Xbox Series X 1TB Video Game Console - Black,False
94999,Brand New,,0,Microsoft Xbox Series X 1TB Video Game Console - Black üì¶ FREE 2 DAY SHIPPING üì¶,False
80000,Brand New,,0,Microsoft Xbox Series X - 1TB With MLB the Show 21 and Extras bundle,False
55000,Open Box,,,New ListingXBOX SERIES X CONSOLE OPEN BOX¬† **PICK UP ONLY**,False
75000,Open Box,,2190,Microsoft Xbox Series X 1TB Video Game Console - Black,False
50000,Brand New,,0,"New ListingHalo Infinite Collector‚Äôs Edition LE 10K, Xbox Series X and Xbox One PRE ORDER",False
85200,Brand New,,5000,Microsoft Xbox Series X 1TB Video Game Console - Black,False
88499,Brand New,,1499,Microsoft XBOX SERIES X 1TB Video Game Console IN HAND BRAND NEW ,False
99000,Brand New,,0,üî• Xbox Series X 1TB Halo Infinite Limited Edition Console (Walmart Confirmed),False
90900,Brand New,,0,Microsoft Xbox Series X 1TB Console with Extra Wireless Controller - Black,True
88499,Brand New,,0,Microsoft Xbox Series X 1TB Video Game Console - FREE SHIPPING,False
95999,Brand New,,0,Microsoft XBOX Series X 1TB Console BRAND NEW IN HAND ‚úÖFREE FAST 2 DAY SHIPPING‚úÖ,False
89999,Brand New,,0,New Sealed Microsoft Xbox Series X Ship Fast,False
97999,Brand New,,5000,Microsoft Xbox Series X 1TB Console *NEW* SEALED* FAST OVERNIGHT DELIVERY ‚úàÔ∏è!,False
80000,Pre-Owned,,5675,Xbox Series X - Slightly Used Console - 1TB - Great Condition,False
98500,Brand New,,4000,New ListingPresale Brand New Xbox Series X Halo Infinite Limited Edition Bundle,False
89999,Brand New,,0,Microsoft Xbox Series X 1TB Video Game Console ‚úÖBRAND NEW SEALED FAST SHIPPING‚úÖ,False
85000,Brand New,,3174,Microsoft Xbox Series X 1TB Video Game Console - Black,False
95000,Open Box,,2481,Microsoft Xbox Series X 1TB Video Game Console - Black,False
67600,Pre-Owned,,500,Microsoft Xbox Series X 1TB Video Game Console - Black,False
88500,Brand New,,0,üî•Microsoft Xbox Series X 1TB Game Console FREE SAME DAY SHIPPING‚ùóÔ∏è ORDER NOW ‚ùóÔ∏è,False
122500,Brand New,,3500,Xbox Series X Halo Infinite Limited Edition Console Elite Controller Bundle,False
93999,Brand New,,0,Microsoft Xbox Series X 1TB Video Game Console FREE SHIPPING BRAND NEW,False
165000,Brand New,,1499,‚úÖ Microsoft Xbox Series X: Halo Infinite Limited Edition Bundle¬† PRE-ORDER,False
